/*
SQLyog Trial v12.5.0 (64 bit)
MySQL - 5.5.27 : Database - alarm
*********************************************************************
*/

/*!40101 SET NAMES utf8 */;

/*!40101 SET SQL_MODE=''*/;

/*!40014 SET @OLD_UNIQUE_CHECKS=@@UNIQUE_CHECKS, UNIQUE_CHECKS=0 */;
/*!40014 SET @OLD_FOREIGN_KEY_CHECKS=@@FOREIGN_KEY_CHECKS, FOREIGN_KEY_CHECKS=0 */;
/*!40101 SET @OLD_SQL_MODE=@@SQL_MODE, SQL_MODE='NO_AUTO_VALUE_ON_ZERO' */;
/*!40111 SET @OLD_SQL_NOTES=@@SQL_NOTES, SQL_NOTES=0 */;
CREATE DATABASE /*!32312 IF NOT EXISTS*/`alarm` /*!40100 DEFAULT CHARACTER SET utf8 */;

USE `alarm`;

/*Table structure for table `alarm_info` */

DROP TABLE IF EXISTS `alarm_info`;

CREATE TABLE `alarm_info` (
  `info_id` int(4) unsigned NOT NULL AUTO_INCREMENT,
  `Alarm_name` varchar(100) NOT NULL,
  `Alarm_type_id` int(4) unsigned NOT NULL,
  `Alarm_level` enum('1','2','3') NOT NULL,
  `Alarm_note` varchar(100) DEFAULT NULL,
  PRIMARY KEY (`info_id`),
  KEY `Alarm_type_id` (`Alarm_type_id`),
  CONSTRAINT `alarm_info_ibfk_1` FOREIGN KEY (`Alarm_type_id`) REFERENCES `alarm_type` (`type_id`)
) ENGINE=InnoDB AUTO_INCREMENT=107 DEFAULT CHARSET=utf8;

/*Data for the table `alarm_info` */

insert  into `alarm_info`(`info_id`,`Alarm_name`,`Alarm_type_id`,`Alarm_level`,`Alarm_note`) values 
(1,'emailblockwords',7,'1','111'),
(2,'DNSattack',1,'2','222'),
(3,'eigenAttack1',1,'1','123123'),
(4,'blackIPAttack',6,'3','blackIPAttack'),
(5,'blackDNSpolution',7,'1','45413'),
(25,'aaaaaa',5,'1','aaaaa'),
(26,'bbbb',1,'1','bbbb'),
(27,'cccc',5,'2','cccc'),
(28,'dddd',1,'1','ddd'),
(29,'dddd',1,'1','ddd'),
(30,'eee',2,'2','eee'),
(31,'黑IP攻击',1,'1','攻击192.168.0.0'),
(32,'32thBlackIP',1,'2','32thBlackIP'),
(33,'aaa',1,'1','aaaA'),
(35,'哈哈哈哈哈哈哈',2,'1','哈哈哈哈哈哈哈'),
(43,'VVV',1,'1','VVV'),
(45,'new AAAAA',6,'3','AAA'),
(46,'AAAA',5,'3','AAAA'),
(49,'new AAAAABBB',6,'3','AAA'),
(53,'new',6,'3','AAA'),
(54,'new....',6,'3','AAA'),
(55,'45aaaaaaa',6,'3','AAA'),
(57,'2th BBB0',1,'1','BBBss Alarm'),
(80,'中文字符',1,'1','中文字符'),
(81,'Email Blockwords1',1,'1','Email Blockwords1'),
(82,'Email 2',5,'2','Email 2'),
(83,'Email 2',5,'2','Email 2'),
(87,'Blackip',4,'2','Blackip'),
(89,'Eigen1',1,'3','Eigen1'),
(90,'Eigen1',1,'3','Eigen1'),
(98,'aaaa',1,'1','aaa'),
(106,'aaaa',1,'1','aaaa');

/*Table structure for table `alarm_type` */

DROP TABLE IF EXISTS `alarm_type`;

CREATE TABLE `alarm_type` (
  `type_id` int(4) unsigned NOT NULL AUTO_INCREMENT,
  `type_name` varchar(20) NOT NULL,
  PRIMARY KEY (`type_id`)
) ENGINE=InnoDB AUTO_INCREMENT=8 DEFAULT CHARSET=utf8;

/*Data for the table `alarm_type` */

insert  into `alarm_type`(`type_id`,`type_name`) values 
(1,'攻击'),
(2,'蠕虫'),
(3,'木马'),
(4,'流量异常'),
(5,'敏感信息'),
(6,'特种木马'),
(7,'其他');

/*Table structure for table `blackdns_alarm` */

DROP TABLE IF EXISTS `blackdns_alarm`;

CREATE TABLE `blackdns_alarm` (
  `blackDNS_id` int(4) unsigned NOT NULL AUTO_INCREMENT,
  `info_id` int(4) unsigned NOT NULL,
  `blackDNS_DNS` varchar(50) NOT NULL,
  PRIMARY KEY (`blackDNS_id`)
) ENGINE=InnoDB AUTO_INCREMENT=3 DEFAULT CHARSET=utf8;

/*Data for the table `blackdns_alarm` */

insert  into `blackdns_alarm`(`blackDNS_id`,`info_id`,`blackDNS_DNS`) values 
(1,5,'114.114.114.114'),
(2,43,'114.114.114.114');

/*Table structure for table `blackip_alarm` */

DROP TABLE IF EXISTS `blackip_alarm`;

CREATE TABLE `blackip_alarm` (
  `blackIP_id` int(4) unsigned NOT NULL AUTO_INCREMENT,
  `info_id` int(4) unsigned NOT NULL,
  `blackIP_IP` varchar(16) NOT NULL,
  PRIMARY KEY (`blackIP_id`)
) ENGINE=InnoDB AUTO_INCREMENT=25 DEFAULT CHARSET=utf8;

/*Data for the table `blackip_alarm` */

insert  into `blackip_alarm`(`blackIP_id`,`info_id`,`blackIP_IP`) values 
(1,4,'192.168.2.2'),
(2,31,'192.168.1.10'),
(3,32,'192.168.5.5'),
(4,33,'110.110.110.2'),
(6,35,'110.110.110.2'),
(21,80,'192.168.1.10'),
(24,87,'192.168.1.10');

/*Table structure for table `eigen_alarm` */

DROP TABLE IF EXISTS `eigen_alarm`;

CREATE TABLE `eigen_alarm` (
  `eigen_id` int(4) unsigned NOT NULL AUTO_INCREMENT,
  `info_id` int(4) unsigned NOT NULL,
  `eigen_sourceIP` varchar(16) NOT NULL,
  `eigen_destinationIP` varchar(16) NOT NULL,
  `eigen_protocol` varchar(20) NOT NULL,
  PRIMARY KEY (`eigen_id`)
) ENGINE=InnoDB AUTO_INCREMENT=6 DEFAULT CHARSET=utf8;

/*Data for the table `eigen_alarm` */

insert  into `eigen_alarm`(`eigen_id`,`info_id`,`eigen_sourceIP`,`eigen_destinationIP`,`eigen_protocol`) values 
(1,3,'192.168.1.1','192.168.2.1','TCP/IP/HTTP'),
(4,90,'192.168.1.1','192.168.1.2','UDP'),
(5,106,'192.168.1.1','192.168.1.2','TCP/IP');

/*Table structure for table `email_alarm` */

DROP TABLE IF EXISTS `email_alarm`;

CREATE TABLE `email_alarm` (
  `email_id` int(4) unsigned NOT NULL AUTO_INCREMENT,
  `info_id` int(4) unsigned NOT NULL,
  `email_location` enum('title','content','title&content') NOT NULL,
  `email_blockwords` varchar(200) NOT NULL,
  PRIMARY KEY (`email_id`),
  KEY `info_id` (`info_id`)
) ENGINE=InnoDB AUTO_INCREMENT=12 DEFAULT CHARSET=utf8;

/*Data for the table `email_alarm` */

insert  into `email_alarm`(`email_id`,`info_id`,`email_location`,`email_blockwords`) values 
(2,57,'title','2th BBB'),
(3,81,'title','fuck the world'),
(11,98,'title','aaa');

/*Table structure for table `logging` */

DROP TABLE IF EXISTS `logging`;

CREATE TABLE `logging` (
  `log_id` int(4) unsigned NOT NULL AUTO_INCREMENT,
  `log_userName` varchar(10) NOT NULL,
  `log_operation` varchar(100) NOT NULL,
  `log_time` bigint(8) NOT NULL,
  `log_ip` varchar(16) NOT NULL,
  PRIMARY KEY (`log_id`)
) ENGINE=InnoDB AUTO_INCREMENT=449 DEFAULT CHARSET=utf8;

/*Data for the table `logging` */

insert  into `logging`(`log_id`,`log_userName`,`log_operation`,`log_time`,`log_ip`) values 
(1,'hck','登录系统',1513822125331,'0:0:0:0:0:0:0:1'),
(2,'hck','访问主页',1513822125462,'0:0:0:0:0:0:0:1'),
(3,'hck','访问日志审计',1513822126736,'0:0:0:0:0:0:0:1'),
(4,'hck','访问主页',1513822148502,'0:0:0:0:0:0:0:1'),
(5,'hck','访问用户管理页面',1513822149434,'0:0:0:0:0:0:0:1'),
(6,'hck','访问主页',1513822150753,'0:0:0:0:0:0:0:1'),
(7,'hck','访问日志审计',1513822151579,'0:0:0:0:0:0:0:1'),
(8,'hck','访问主页',1513822193528,'0:0:0:0:0:0:0:1'),
(9,'hck','访问日志审计',1513822196155,'0:0:0:0:0:0:0:1'),
(10,'hck','访问日志审计',1513822239254,'0:0:0:0:0:0:0:1'),
(11,'hck','访问日志审计',1513822250184,'0:0:0:0:0:0:0:1'),
(12,'hck','访问日志审计',1513822250862,'0:0:0:0:0:0:0:1'),
(13,'hck','访问日志审计',1513822251714,'0:0:0:0:0:0:0:1'),
(14,'hck','访问主页',1513822263914,'0:0:0:0:0:0:0:1'),
(15,'hck','访问警报配置页面',1513822265125,'0:0:0:0:0:0:0:1'),
(16,'hck','访问主页',1513822271359,'0:0:0:0:0:0:0:1'),
(17,'hck','访问日志审计',1513822273111,'0:0:0:0:0:0:0:1'),
(18,'hck','访问日志审计',1513822970993,'0:0:0:0:0:0:0:1'),
(19,'hck','访问日志审计',1513823003707,'0:0:0:0:0:0:0:1'),
(20,'hck','访问日志审计',1513823004560,'0:0:0:0:0:0:0:1'),
(21,'hck','访问日志审计',1513823005285,'0:0:0:0:0:0:0:1'),
(22,'hck','访问日志审计',1513823006226,'0:0:0:0:0:0:0:1'),
(23,'hck','访问日志审计',1513823020674,'0:0:0:0:0:0:0:1'),
(24,'hck','访问日志审计',1513823022991,'0:0:0:0:0:0:0:1'),
(25,'hck','访问日志审计',1513823228767,'0:0:0:0:0:0:0:1'),
(26,'hck','访问日志审计',1513823230160,'0:0:0:0:0:0:0:1'),
(27,'hck','访问主页',1513823234319,'0:0:0:0:0:0:0:1'),
(28,'hck','访问用户管理页面',1513823235741,'0:0:0:0:0:0:0:1'),
(29,'hck','访问主页',1513823237560,'0:0:0:0:0:0:0:1'),
(30,'hck','访问警报配置页面',1513823238437,'0:0:0:0:0:0:0:1'),
(31,'hck','访问主页',1513823242833,'0:0:0:0:0:0:0:1'),
(32,'hck','访问警报配置页面',1513823244356,'0:0:0:0:0:0:0:1'),
(33,'hck','用户：hck删除email ID:107 成功',1513823249881,'0:0:0:0:0:0:0:1'),
(34,'hck','访问警报配置页面',1513823251621,'0:0:0:0:0:0:0:1'),
(35,'hck','访问主页',1513823252407,'0:0:0:0:0:0:0:1'),
(36,'hck','访问日志审计',1513823253995,'0:0:0:0:0:0:0:1'),
(37,'hck','访问日志审计',1513823353090,'0:0:0:0:0:0:0:1'),
(38,'hck','访问日志审计',1513823413307,'0:0:0:0:0:0:0:1'),
(39,'hck','访问日志审计',1513823414070,'0:0:0:0:0:0:0:1'),
(40,'hck','访问日志审计',1513823416624,'0:0:0:0:0:0:0:1'),
(41,'hck','访问日志审计',1513823428730,'0:0:0:0:0:0:0:1'),
(42,'hck','访问日志审计',1513823521392,'0:0:0:0:0:0:0:1'),
(43,'hck','访问日志审计',1513823522866,'0:0:0:0:0:0:0:1'),
(44,'hck','访问日志审计',1513823533682,'0:0:0:0:0:0:0:1'),
(45,'hck','访问日志审计',1513823849155,'0:0:0:0:0:0:0:1'),
(46,'hck','访问日志审计',1513823857308,'0:0:0:0:0:0:0:1'),
(47,'hck','访问日志审计',1513823857903,'0:0:0:0:0:0:0:1'),
(48,'hck','访问日志审计',1513823859881,'0:0:0:0:0:0:0:1'),
(49,'hck','访问日志审计',1513823868741,'0:0:0:0:0:0:0:1'),
(50,'hck','访问日志审计',1513824122327,'0:0:0:0:0:0:0:1'),
(51,'hck','访问日志审计',1513824124144,'0:0:0:0:0:0:0:1'),
(52,'hck','访问日志审计',1513824513438,'0:0:0:0:0:0:0:1'),
(53,'hck','访问日志审计',1513824528769,'0:0:0:0:0:0:0:1'),
(54,'hck','访问日志审计',1513824529481,'0:0:0:0:0:0:0:1'),
(55,'hck','访问日志审计',1513824535606,'0:0:0:0:0:0:0:1'),
(56,'hck','访问日志审计',1513824537766,'0:0:0:0:0:0:0:1'),
(57,'hck','访问日志审计',1513824538554,'0:0:0:0:0:0:0:1'),
(58,'hck','访问日志审计',1513824558872,'0:0:0:0:0:0:0:1'),
(59,'hck','访问日志审计',1513824560598,'0:0:0:0:0:0:0:1'),
(60,'hck','访问日志审计',1513824562397,'0:0:0:0:0:0:0:1'),
(61,'hck','访问日志审计',1513824588561,'0:0:0:0:0:0:0:1'),
(62,'hck','访问日志审计',1513824590105,'0:0:0:0:0:0:0:1'),
(63,'hck','访问日志审计',1513824622988,'0:0:0:0:0:0:0:1'),
(64,'hck','访问日志审计',1513824745850,'0:0:0:0:0:0:0:1'),
(65,'hck','访问日志审计',1513824809754,'0:0:0:0:0:0:0:1'),
(66,'hck','访问日志审计',1513824811965,'0:0:0:0:0:0:0:1'),
(67,'hck','访问日志审计',1513824814758,'0:0:0:0:0:0:0:1'),
(68,'hck','访问日志审计',1513824956733,'0:0:0:0:0:0:0:1'),
(69,'hck','访问日志审计',1513824963224,'0:0:0:0:0:0:0:1'),
(70,'hck','访问日志审计',1513825007102,'0:0:0:0:0:0:0:1'),
(71,'hck','访问日志审计',1513825013222,'0:0:0:0:0:0:0:1'),
(72,'hck','访问日志审计',1513825054104,'0:0:0:0:0:0:0:1'),
(73,'hck','访问日志审计',1513825054840,'0:0:0:0:0:0:0:1'),
(74,'hck','访问日志审计',1513825058556,'0:0:0:0:0:0:0:1'),
(75,'hck','访问日志审计',1513825059789,'0:0:0:0:0:0:0:1'),
(76,'hck','访问日志审计',1513825060620,'0:0:0:0:0:0:0:1'),
(77,'hck','访问日志审计',1513825064813,'0:0:0:0:0:0:0:1'),
(78,'hck','访问日志审计',1513825066126,'0:0:0:0:0:0:0:1'),
(79,'hck','访问日志审计',1513825067214,'0:0:0:0:0:0:0:1'),
(80,'hck','访问日志审计',1513825067939,'0:0:0:0:0:0:0:1'),
(81,'hck','访问日志审计',1513825068114,'0:0:0:0:0:0:0:1'),
(82,'hck','访问日志审计',1513825068257,'0:0:0:0:0:0:0:1'),
(83,'hck','访问日志审计',1513825068395,'0:0:0:0:0:0:0:1'),
(84,'hck','访问日志审计',1513825068541,'0:0:0:0:0:0:0:1'),
(85,'hck','访问日志审计',1513825068677,'0:0:0:0:0:0:0:1'),
(86,'hck','访问日志审计',1513825068820,'0:0:0:0:0:0:0:1'),
(87,'hck','访问日志审计',1513825069063,'0:0:0:0:0:0:0:1'),
(88,'hck','访问日志审计',1513825069162,'0:0:0:0:0:0:0:1'),
(89,'hck','访问日志审计',1513825071353,'0:0:0:0:0:0:0:1'),
(90,'hck','访问日志审计',1513825084590,'0:0:0:0:0:0:0:1'),
(91,'hck','访问日志审计',1513825371394,'0:0:0:0:0:0:0:1'),
(92,'hck','访问日志审计',1513825372125,'0:0:0:0:0:0:0:1'),
(93,'hck','访问日志审计',1513825374417,'0:0:0:0:0:0:0:1'),
(94,'hck','访问日志审计',1513825375124,'0:0:0:0:0:0:0:1'),
(95,'hck','访问日志审计',1513825375806,'0:0:0:0:0:0:0:1'),
(96,'hck','访问日志审计',1513825379606,'0:0:0:0:0:0:0:1'),
(97,'hck','访问日志审计',1513825504941,'0:0:0:0:0:0:0:1'),
(98,'hck','访问日志审计',1513825505857,'0:0:0:0:0:0:0:1'),
(99,'hck','访问日志审计',1513825511194,'0:0:0:0:0:0:0:1'),
(100,'hck','访问日志审计',1513825513489,'0:0:0:0:0:0:0:1'),
(101,'hck','访问日志审计',1513825560752,'0:0:0:0:0:0:0:1'),
(102,'hck','访问日志审计',1513825636685,'0:0:0:0:0:0:0:1'),
(103,'hck','访问日志审计',1513825637429,'0:0:0:0:0:0:0:1'),
(104,'hck','访问日志审计',1513825640372,'0:0:0:0:0:0:0:1'),
(105,'hck','访问日志审计',1513825641668,'0:0:0:0:0:0:0:1'),
(106,'hck','访问日志审计',1513825643884,'0:0:0:0:0:0:0:1'),
(107,'hck','访问日志审计',1513825644667,'0:0:0:0:0:0:0:1'),
(108,'hck','访问日志审计',1513825645268,'0:0:0:0:0:0:0:1'),
(109,'hck','访问日志审计',1513825647911,'0:0:0:0:0:0:0:1'),
(110,'hck','访问日志审计',1513825649002,'0:0:0:0:0:0:0:1'),
(111,'hck','访问日志审计',1513825649816,'0:0:0:0:0:0:0:1'),
(112,'hck','访问日志审计',1513825650273,'0:0:0:0:0:0:0:1'),
(113,'hck','访问日志审计',1513825650347,'0:0:0:0:0:0:0:1'),
(114,'hck','访问日志审计',1513825650583,'0:0:0:0:0:0:0:1'),
(115,'hck','访问日志审计',1513825650800,'0:0:0:0:0:0:0:1'),
(116,'hck','访问日志审计',1513825650965,'0:0:0:0:0:0:0:1'),
(117,'hck','访问日志审计',1513825651143,'0:0:0:0:0:0:0:1'),
(118,'hck','访问日志审计',1513825655569,'0:0:0:0:0:0:0:1'),
(119,'hck','访问日志审计',1513825657768,'0:0:0:0:0:0:0:1'),
(120,'hck','访问日志审计',1513825665038,'0:0:0:0:0:0:0:1'),
(121,'hck','访问日志审计',1513825751877,'0:0:0:0:0:0:0:1'),
(122,'hck','访问日志审计',1513825754111,'0:0:0:0:0:0:0:1'),
(123,'hck','访问日志审计',1513825755525,'0:0:0:0:0:0:0:1'),
(124,'hck','访问日志审计',1513825757131,'0:0:0:0:0:0:0:1'),
(125,'hck','访问日志审计',1513825761595,'0:0:0:0:0:0:0:1'),
(126,'hck','访问日志审计',1513825776273,'0:0:0:0:0:0:0:1'),
(127,'hck','访问日志审计',1513825813604,'0:0:0:0:0:0:0:1'),
(128,'hck','访问日志审计',1513825814362,'0:0:0:0:0:0:0:1'),
(129,'hck','访问日志审计',1513825815744,'0:0:0:0:0:0:0:1'),
(130,'hck','访问日志审计',1513825817056,'0:0:0:0:0:0:0:1'),
(131,'hck','访问日志审计',1513825817927,'0:0:0:0:0:0:0:1'),
(132,'hck','访问日志审计',1513825819160,'0:0:0:0:0:0:0:1'),
(133,'hck','访问日志审计',1513825819963,'0:0:0:0:0:0:0:1'),
(134,'hck','访问日志审计',1513825820588,'0:0:0:0:0:0:0:1'),
(135,'hck','访问日志审计',1513825821177,'0:0:0:0:0:0:0:1'),
(136,'hck','访问日志审计',1513825822411,'0:0:0:0:0:0:0:1'),
(137,'hck','访问日志审计',1513825823301,'0:0:0:0:0:0:0:1'),
(138,'hck','访问日志审计',1513825825228,'0:0:0:0:0:0:0:1'),
(139,'hck','访问日志审计',1513825826250,'0:0:0:0:0:0:0:1'),
(140,'hck','访问日志审计',1513825829343,'0:0:0:0:0:0:0:1'),
(141,'hck','访问日志审计',1513825831479,'0:0:0:0:0:0:0:1'),
(142,'hck','访问日志审计',1513825902511,'0:0:0:0:0:0:0:1'),
(143,'hck','访问日志审计',1513825905359,'0:0:0:0:0:0:0:1'),
(144,'hck','访问日志审计',1513825979666,'0:0:0:0:0:0:0:1'),
(145,'hck','访问日志审计',1513825980703,'0:0:0:0:0:0:0:1'),
(146,'hck','访问日志审计',1513825981729,'0:0:0:0:0:0:0:1'),
(147,'hck','访问日志审计',1513825982545,'0:0:0:0:0:0:0:1'),
(148,'hck','访问日志审计',1513826078793,'0:0:0:0:0:0:0:1'),
(149,'hck','访问日志审计',1513826304777,'0:0:0:0:0:0:0:1'),
(150,'hck','访问日志审计',1513826305789,'0:0:0:0:0:0:0:1'),
(151,'hck','访问日志审计',1513826312455,'0:0:0:0:0:0:0:1'),
(152,'hck','访问日志审计',1513826359391,'0:0:0:0:0:0:0:1'),
(153,'hck','访问日志审计',1513826623233,'0:0:0:0:0:0:0:1'),
(154,'hck','访问日志审计',1513826682888,'0:0:0:0:0:0:0:1'),
(155,'hck','访问日志审计',1513826686201,'0:0:0:0:0:0:0:1'),
(156,'hck','访问日志审计',1513826687805,'0:0:0:0:0:0:0:1'),
(157,'hck','访问日志审计',1513826689790,'0:0:0:0:0:0:0:1'),
(158,'hck','访问日志审计',1513826693532,'0:0:0:0:0:0:0:1'),
(159,'hck','访问日志审计',1513826697443,'0:0:0:0:0:0:0:1'),
(160,'hck','访问日志审计',1513826698814,'0:0:0:0:0:0:0:1'),
(161,'hck','访问日志审计',1513826754206,'0:0:0:0:0:0:0:1'),
(162,'hck','访问日志审计',1513826862797,'0:0:0:0:0:0:0:1'),
(163,'hck','访问日志审计',1513826895824,'0:0:0:0:0:0:0:1'),
(164,'hck','访问日志审计',1513826897008,'0:0:0:0:0:0:0:1'),
(165,'hck','访问日志审计',1513827046605,'0:0:0:0:0:0:0:1'),
(166,'hck','访问日志审计',1513827053678,'0:0:0:0:0:0:0:1'),
(167,'hck','访问日志审计',1513827571156,'0:0:0:0:0:0:0:1'),
(168,'hck','访问日志审计',1513827621188,'0:0:0:0:0:0:0:1'),
(169,'hck','访问日志审计',1513827622953,'0:0:0:0:0:0:0:1'),
(170,'hck','访问日志审计',1513827625245,'0:0:0:0:0:0:0:1'),
(171,'hck','访问日志审计',1513827627884,'0:0:0:0:0:0:0:1'),
(172,'hck','访问日志审计',1513827630222,'0:0:0:0:0:0:0:1'),
(173,'hck','访问日志审计',1513827633568,'0:0:0:0:0:0:0:1'),
(174,'hck','访问日志审计',1513827635471,'0:0:0:0:0:0:0:1'),
(175,'hck','访问日志审计',1513827732665,'0:0:0:0:0:0:0:1'),
(176,'hck','访问日志审计',1513827734250,'0:0:0:0:0:0:0:1'),
(177,'hck','访问日志审计',1513827748098,'0:0:0:0:0:0:0:1'),
(178,'hck','登录系统',1513833836006,'0:0:0:0:0:0:0:1'),
(179,'hck','访问主页',1513833836019,'0:0:0:0:0:0:0:1'),
(180,'hck','访问日志审计',1513833837199,'0:0:0:0:0:0:0:1'),
(181,'hck','访问日志审计',1513833867211,'0:0:0:0:0:0:0:1'),
(182,'hck','访问日志审计',1513833868729,'0:0:0:0:0:0:0:1'),
(183,'hck','访问日志审计',1513833883095,'0:0:0:0:0:0:0:1'),
(184,'hck','访问日志审计',1513833884261,'0:0:0:0:0:0:0:1'),
(185,'hck','访问日志审计',1513833884494,'0:0:0:0:0:0:0:1'),
(186,'hck','访问日志审计',1513833884610,'0:0:0:0:0:0:0:1'),
(187,'hck','访问日志审计',1513833887044,'0:0:0:0:0:0:0:1'),
(188,'hck','访问日志审计',1513833888197,'0:0:0:0:0:0:0:1'),
(189,'hck','访问日志审计',1513833889069,'0:0:0:0:0:0:0:1'),
(190,'hck','访问日志审计',1513833895905,'0:0:0:0:0:0:0:1'),
(191,'hck','访问日志审计',1513833897458,'0:0:0:0:0:0:0:1'),
(192,'hck','访问日志审计',1513833898702,'0:0:0:0:0:0:0:1'),
(193,'hck','访问日志审计',1513833959585,'0:0:0:0:0:0:0:1'),
(194,'hck','访问日志审计',1513833960750,'0:0:0:0:0:0:0:1'),
(195,'hck','访问日志审计',1513833965833,'0:0:0:0:0:0:0:1'),
(196,'hck','访问日志审计',1513833966114,'0:0:0:0:0:0:0:1'),
(197,'hck','访问日志审计',1513833980676,'0:0:0:0:0:0:0:1'),
(198,'hck','访问日志审计',1513834327882,'0:0:0:0:0:0:0:1'),
(199,'hck','访问日志审计',1513834338103,'0:0:0:0:0:0:0:1'),
(200,'hck','访问日志审计',1513834342866,'0:0:0:0:0:0:0:1'),
(201,'hck','访问日志审计',1513834347420,'0:0:0:0:0:0:0:1'),
(202,'hck','访问日志审计',1513834348434,'0:0:0:0:0:0:0:1'),
(203,'hck','访问日志审计',1513834350616,'0:0:0:0:0:0:0:1'),
(204,'hck','访问日志审计',1513834351692,'0:0:0:0:0:0:0:1'),
(205,'hck','访问主页',1513834353643,'0:0:0:0:0:0:0:1'),
(206,'hck','访问日志审计',1513834355446,'0:0:0:0:0:0:0:1'),
(207,'hck','访问日志审计',1513834357274,'0:0:0:0:0:0:0:1'),
(208,'hck','访问日志审计',1513834656356,'0:0:0:0:0:0:0:1'),
(209,'hck','访问日志审计',1513834663205,'0:0:0:0:0:0:0:1'),
(210,'hck','访问日志审计',1513834677429,'0:0:0:0:0:0:0:1'),
(211,'hck','访问日志审计',1513834679125,'0:0:0:0:0:0:0:1'),
(212,'hck','访问日志审计',1513834679390,'0:0:0:0:0:0:0:1'),
(213,'hck','访问日志审计',1513834682054,'0:0:0:0:0:0:0:1'),
(214,'hck','访问日志审计',1513834684243,'0:0:0:0:0:0:0:1'),
(215,'hck','访问日志审计',1513834688068,'0:0:0:0:0:0:0:1'),
(216,'hck','访问日志审计',1513834691370,'0:0:0:0:0:0:0:1'),
(217,'hck','访问日志审计',1513834694604,'0:0:0:0:0:0:0:1'),
(218,'hck','访问日志审计',1513834695478,'0:0:0:0:0:0:0:1'),
(219,'hck','访问日志审计',1513834696115,'0:0:0:0:0:0:0:1'),
(220,'hck','访问日志审计',1513834696349,'0:0:0:0:0:0:0:1'),
(221,'hck','访问日志审计',1513834696828,'0:0:0:0:0:0:0:1'),
(222,'hck','访问日志审计',1513834715239,'0:0:0:0:0:0:0:1'),
(223,'hck','访问日志审计',1513834716545,'0:0:0:0:0:0:0:1'),
(224,'hck','访问日志审计',1513834726212,'0:0:0:0:0:0:0:1'),
(225,'hck','访问日志审计',1513834734723,'0:0:0:0:0:0:0:1'),
(226,'hck','访问日志审计',1513834735900,'0:0:0:0:0:0:0:1'),
(227,'hck','访问主页',1513834737366,'0:0:0:0:0:0:0:1'),
(228,'hck','访问主页',1513834737883,'0:0:0:0:0:0:0:1'),
(229,'hck','访问日志审计',1513834738786,'0:0:0:0:0:0:0:1'),
(230,'hck','访问日志审计',1513834739889,'0:0:0:0:0:0:0:1'),
(231,'hck','访问日志审计',1513834746364,'0:0:0:0:0:0:0:1'),
(232,'hck','访问日志审计',1513834759886,'0:0:0:0:0:0:0:1'),
(233,'hck','访问日志审计',1513834761147,'0:0:0:0:0:0:0:1'),
(234,'hck','访问日志审计',1513834798814,'0:0:0:0:0:0:0:1'),
(235,'hck','访问日志审计',1513834799804,'0:0:0:0:0:0:0:1'),
(236,'hck','访问日志审计',1513834816353,'0:0:0:0:0:0:0:1'),
(237,'hck','访问日志审计',1513834993583,'0:0:0:0:0:0:0:1'),
(238,'hck','访问日志审计',1513835163253,'0:0:0:0:0:0:0:1'),
(239,'hck','访问日志审计',1513835199146,'0:0:0:0:0:0:0:1'),
(240,'hck','访问日志审计',1513835252646,'0:0:0:0:0:0:0:1'),
(241,'hck','访问日志审计',1513835410467,'0:0:0:0:0:0:0:1'),
(242,'hck','访问日志审计',1513835552666,'0:0:0:0:0:0:0:1'),
(243,'hck','访问日志审计',1513835557126,'0:0:0:0:0:0:0:1'),
(244,'hck','访问日志审计',1513835584778,'0:0:0:0:0:0:0:1'),
(245,'hck','访问日志审计',1513835594094,'0:0:0:0:0:0:0:1'),
(246,'hck','访问日志审计',1513835634125,'0:0:0:0:0:0:0:1'),
(247,'hck','访问日志审计',1513835760606,'0:0:0:0:0:0:0:1'),
(248,'hck','访问日志审计',1513835813967,'0:0:0:0:0:0:0:1'),
(249,'hck','访问日志审计',1513835817854,'0:0:0:0:0:0:0:1'),
(250,'hck','访问日志审计',1513835819372,'0:0:0:0:0:0:0:1'),
(251,'hck','访问主页',1513835894814,'0:0:0:0:0:0:0:1'),
(252,'hck','访问警报配置页面',1513835896126,'0:0:0:0:0:0:0:1'),
(253,'hck','访问警报配置页面',1513835982128,'0:0:0:0:0:0:0:1'),
(254,'hck','访问警报配置页面',1513836205589,'0:0:0:0:0:0:0:1'),
(255,'hck','访问警报配置页面',1513836215471,'0:0:0:0:0:0:0:1'),
(256,'hck','访问警报配置页面',1513836223597,'0:0:0:0:0:0:0:1'),
(257,'hck','访问警报配置页面',1513836236299,'0:0:0:0:0:0:0:1'),
(258,'hck','访问警报配置页面',1513836257041,'0:0:0:0:0:0:0:1'),
(259,'hck','访问警报配置页面',1513836258026,'0:0:0:0:0:0:0:1'),
(260,'hck','访问警报配置页面',1513836273113,'0:0:0:0:0:0:0:1'),
(261,'hck','访问警报配置页面',1513836298099,'0:0:0:0:0:0:0:1'),
(262,'hck','访问警报配置页面',1513836305290,'0:0:0:0:0:0:0:1'),
(263,'hck','访问警报配置页面',1513836308676,'0:0:0:0:0:0:0:1'),
(264,'hck','访问警报配置页面',1513836314261,'0:0:0:0:0:0:0:1'),
(265,'hck','访问警报配置页面',1513836359707,'0:0:0:0:0:0:0:1'),
(266,'hck','访问警报配置页面',1513836533385,'0:0:0:0:0:0:0:1'),
(267,'hck','访问警报配置页面',1513836534596,'0:0:0:0:0:0:0:1'),
(268,'hck','访问警报配置页面',1513836535367,'0:0:0:0:0:0:0:1'),
(269,'hck','访问警报配置页面',1513836543446,'0:0:0:0:0:0:0:1'),
(270,'hck','访问警报配置页面',1513836666134,'0:0:0:0:0:0:0:1'),
(271,'hck','访问警报配置页面',1513836669242,'0:0:0:0:0:0:0:1'),
(272,'hck','访问警报配置页面',1513836672818,'0:0:0:0:0:0:0:1'),
(273,'hck','访问警报配置页面',1513836690207,'0:0:0:0:0:0:0:1'),
(274,'hck','访问警报配置页面',1513836720946,'0:0:0:0:0:0:0:1'),
(275,'hck','访问警报配置页面',1513836732606,'0:0:0:0:0:0:0:1'),
(276,'hck','访问警报配置页面',1513836737373,'0:0:0:0:0:0:0:1'),
(277,'hck','访问警报配置页面',1513836740951,'0:0:0:0:0:0:0:1'),
(278,'hck','访问警报配置页面',1513836750294,'0:0:0:0:0:0:0:1'),
(279,'hck','访问主页',1513836777582,'0:0:0:0:0:0:0:1'),
(280,'hck','访问日志审计',1513836778883,'0:0:0:0:0:0:0:1'),
(281,'hck','访问主页',1513836936363,'0:0:0:0:0:0:0:1'),
(282,'hck','访问警报配置页面',1513836937321,'0:0:0:0:0:0:0:1'),
(283,'hck','访问警报配置页面',1513837314129,'0:0:0:0:0:0:0:1'),
(284,'hck','访问警报配置页面',1513837315812,'0:0:0:0:0:0:0:1'),
(285,'hck','访问警报配置页面',1513837366090,'0:0:0:0:0:0:0:1'),
(286,'hck','访问警报配置页面',1513837367606,'0:0:0:0:0:0:0:1'),
(287,'hck','访问警报配置页面',1513837378263,'0:0:0:0:0:0:0:1'),
(288,'hck','访问警报配置页面',1513837587783,'0:0:0:0:0:0:0:1'),
(289,'hck','访问警报配置页面',1513837661702,'0:0:0:0:0:0:0:1'),
(290,'hck','访问警报配置页面',1513837757721,'0:0:0:0:0:0:0:1'),
(291,'hck','访问警报配置页面',1513837762518,'0:0:0:0:0:0:0:1'),
(292,'hck','访问警报配置页面',1513837835081,'0:0:0:0:0:0:0:1'),
(293,'hck','访问警报配置页面',1513838057876,'0:0:0:0:0:0:0:1'),
(294,'hck','访问警报配置页面',1513838344045,'0:0:0:0:0:0:0:1'),
(295,'hck','访问警报配置页面',1513838775169,'0:0:0:0:0:0:0:1'),
(296,'hck','访问警报配置页面',1513838796307,'0:0:0:0:0:0:0:1'),
(297,'hck','访问警报配置页面',1513838799303,'0:0:0:0:0:0:0:1'),
(298,'hck','访问警报配置页面',1513838800279,'0:0:0:0:0:0:0:1'),
(299,'hck','访问警报配置页面',1513838803850,'0:0:0:0:0:0:0:1'),
(300,'hck','访问警报配置页面',1513838840129,'0:0:0:0:0:0:0:1'),
(301,'hck','访问警报配置页面',1513838841684,'0:0:0:0:0:0:0:1'),
(302,'hck','访问警报配置页面',1513839050574,'0:0:0:0:0:0:0:1'),
(303,'hck','访问警报配置页面',1513839052986,'0:0:0:0:0:0:0:1'),
(304,'hck','访问主页',1513839126082,'0:0:0:0:0:0:0:1'),
(305,'hck','访问用户管理页面',1513839127436,'0:0:0:0:0:0:0:1'),
(306,'hck','访问用户管理页面',1513839144399,'0:0:0:0:0:0:0:1'),
(307,'hck','访问用户管理页面',1513839162018,'0:0:0:0:0:0:0:1'),
(308,'hck','访问用户管理页面',1513839164092,'0:0:0:0:0:0:0:1'),
(309,'hck','访问用户管理页面',1513839164856,'0:0:0:0:0:0:0:1'),
(310,'hck','访问主页',1513839166108,'0:0:0:0:0:0:0:1'),
(311,'hck','访问用户管理页面',1513839166827,'0:0:0:0:0:0:0:1'),
(312,'hck','访问用户管理页面',1513839167680,'0:0:0:0:0:0:0:1'),
(313,'hck','访问用户管理页面',1513839172803,'0:0:0:0:0:0:0:1'),
(314,'hck','添加新用户:test8成功',1513839190675,'0:0:0:0:0:0:0:1'),
(315,'hck','访问用户管理页面',1513839191930,'0:0:0:0:0:0:0:1'),
(316,'hck','访问主页',1513839479379,'0:0:0:0:0:0:0:1'),
(317,'hck','访问用户管理页面',1513839480521,'0:0:0:0:0:0:0:1'),
(318,'hck','登录系统',1513841726609,'0:0:0:0:0:0:0:1'),
(319,'hck','访问主页',1513841726629,'0:0:0:0:0:0:0:1'),
(320,'hck','访问用户管理页面',1513841727852,'0:0:0:0:0:0:0:1'),
(321,'hck','访问主页',1513841751442,'0:0:0:0:0:0:0:1'),
(322,'hck','访问警报配置页面',1513841752197,'0:0:0:0:0:0:0:1'),
(323,'hck','访问主页',1513843713774,'0:0:0:0:0:0:0:1'),
(324,'hck','访问用户管理页面',1513843714691,'0:0:0:0:0:0:0:1'),
(325,'hck','登录系统',1513847954538,'0:0:0:0:0:0:0:1'),
(326,'hck','访问主页',1513847954666,'0:0:0:0:0:0:0:1'),
(327,'hck','访问用户管理页面',1513847955839,'0:0:0:0:0:0:0:1'),
(328,'hck','访问用户管理页面',1513847985579,'0:0:0:0:0:0:0:1'),
(329,'hck','访问用户管理页面',1513848025203,'0:0:0:0:0:0:0:1'),
(330,'hck','访问用户管理页面',1513848026729,'0:0:0:0:0:0:0:1'),
(331,'hck','访问用户管理页面',1513848028509,'0:0:0:0:0:0:0:1'),
(332,'hck','访问用户管理页面',1513848031382,'0:0:0:0:0:0:0:1'),
(333,'hck','访问用户管理页面',1513848071494,'0:0:0:0:0:0:0:1'),
(334,'hck','访问用户管理页面',1513848073035,'0:0:0:0:0:0:0:1'),
(335,'hck','访问用户管理页面',1513848074327,'0:0:0:0:0:0:0:1'),
(336,'hck','访问用户管理页面',1513848075192,'0:0:0:0:0:0:0:1'),
(337,'hck','访问用户管理页面',1513848076147,'0:0:0:0:0:0:0:1'),
(338,'hck','访问用户管理页面',1513848082783,'0:0:0:0:0:0:0:1'),
(339,'hck','访问用户管理页面',1513848103816,'0:0:0:0:0:0:0:1'),
(340,'hck','访问用户管理页面',1513848122857,'0:0:0:0:0:0:0:1'),
(341,'hck','访问用户管理页面',1513848123936,'0:0:0:0:0:0:0:1'),
(342,'hck','访问用户管理页面',1513848128672,'0:0:0:0:0:0:0:1'),
(343,'hck','访问用户管理页面',1513848130161,'0:0:0:0:0:0:0:1'),
(344,'hck','访问用户管理页面',1513848131194,'0:0:0:0:0:0:0:1'),
(345,'hck','访问用户管理页面',1513848132117,'0:0:0:0:0:0:0:1'),
(346,'hck','访问用户管理页面',1513848133121,'0:0:0:0:0:0:0:1'),
(347,'hck','访问用户管理页面',1513848358267,'0:0:0:0:0:0:0:1'),
(348,'hck','访问用户管理页面',1513848772779,'0:0:0:0:0:0:0:1'),
(349,'hck','访问用户管理页面',1513848775045,'0:0:0:0:0:0:0:1'),
(350,'hck','访问用户管理页面',1513848777543,'0:0:0:0:0:0:0:1'),
(351,'hck','访问用户管理页面',1513848783340,'0:0:0:0:0:0:0:1'),
(352,'hck','访问用户管理页面',1513848805967,'0:0:0:0:0:0:0:1'),
(353,'hck','访问用户管理页面',1513848807545,'0:0:0:0:0:0:0:1'),
(354,'hck','访问用户管理页面',1513848809029,'0:0:0:0:0:0:0:1'),
(355,'hck','访问用户管理页面',1513848811828,'0:0:0:0:0:0:0:1'),
(356,'hck','访问主页',1513850078662,'0:0:0:0:0:0:0:1'),
(357,'hck','访问日志审计',1513850079560,'0:0:0:0:0:0:0:1'),
(358,'hck','登录系统',1513905326512,'0:0:0:0:0:0:0:1'),
(359,'hck','访问主页',1513905326782,'0:0:0:0:0:0:0:1'),
(360,'hck','访问用户管理页面',1513905333317,'0:0:0:0:0:0:0:1'),
(361,'hck','访问用户管理页面',1513905392053,'0:0:0:0:0:0:0:1'),
(362,'hck','访问用户管理页面',1513905396880,'0:0:0:0:0:0:0:1'),
(363,'hck','访问用户管理页面',1513905423658,'0:0:0:0:0:0:0:1'),
(364,'hck','访问用户管理页面',1513905443313,'0:0:0:0:0:0:0:1'),
(365,'hck','访问用户管理页面',1513905447228,'0:0:0:0:0:0:0:1'),
(366,'hck','访问用户管理页面',1513905455244,'0:0:0:0:0:0:0:1'),
(367,'hck','访问用户管理页面',1513905476917,'0:0:0:0:0:0:0:1'),
(368,'hck','访问用户管理页面',1513905499611,'0:0:0:0:0:0:0:1'),
(369,'hck','访问用户管理页面',1513905560539,'0:0:0:0:0:0:0:1'),
(370,'hck','访问用户管理页面',1513905561655,'0:0:0:0:0:0:0:1'),
(371,'hck','访问用户管理页面',1513905588502,'0:0:0:0:0:0:0:1'),
(372,'hck','访问用户管理页面',1513905613581,'0:0:0:0:0:0:0:1'),
(373,'hck','访问用户管理页面',1513905615308,'0:0:0:0:0:0:0:1'),
(374,'hck','访问用户管理页面',1513905644607,'0:0:0:0:0:0:0:1'),
(375,'hck','访问用户管理页面',1513905718768,'0:0:0:0:0:0:0:1'),
(376,'hck','访问用户管理页面',1513905797557,'0:0:0:0:0:0:0:1'),
(377,'hck','访问用户管理页面',1513905801594,'0:0:0:0:0:0:0:1'),
(378,'hck','访问用户管理页面',1513905802065,'0:0:0:0:0:0:0:1'),
(379,'hck','访问用户管理页面',1513905813930,'0:0:0:0:0:0:0:1'),
(380,'hck','访问用户管理页面',1513905873083,'0:0:0:0:0:0:0:1'),
(381,'hck','访问用户管理页面',1513905979339,'0:0:0:0:0:0:0:1'),
(382,'hck','访问用户管理页面',1513906085026,'0:0:0:0:0:0:0:1'),
(383,'hck','访问用户管理页面',1513906212973,'0:0:0:0:0:0:0:1'),
(384,'hck','访问用户管理页面',1513906276373,'0:0:0:0:0:0:0:1'),
(385,'hck','访问用户管理页面',1513906284269,'0:0:0:0:0:0:0:1'),
(386,'hck','访问用户管理页面',1513906307931,'0:0:0:0:0:0:0:1'),
(387,'hck','访问用户管理页面',1513906310357,'0:0:0:0:0:0:0:1'),
(388,'hck','访问用户管理页面',1513906315846,'0:0:0:0:0:0:0:1'),
(389,'hck','访问用户管理页面',1513906538168,'0:0:0:0:0:0:0:1'),
(390,'hck','访问用户管理页面',1513906635108,'0:0:0:0:0:0:0:1'),
(391,'hck','访问用户管理页面',1513906697197,'0:0:0:0:0:0:0:1'),
(392,'hck','访问用户管理页面',1513906699044,'0:0:0:0:0:0:0:1'),
(393,'hck','访问用户管理页面',1513907320284,'0:0:0:0:0:0:0:1'),
(394,'hck','访问用户管理页面',1513907429936,'0:0:0:0:0:0:0:1'),
(395,'hck','登录系统',1513912646768,'0:0:0:0:0:0:0:1'),
(396,'hck','访问主页',1513912646843,'0:0:0:0:0:0:0:1'),
(397,'hck','访问用户管理页面',1513912650304,'0:0:0:0:0:0:0:1'),
(398,'hck','访问用户管理页面',1513912783270,'0:0:0:0:0:0:0:1'),
(399,'hck','访问用户管理页面',1513912794490,'0:0:0:0:0:0:0:1'),
(400,'hck','访问用户管理页面',1513912798131,'0:0:0:0:0:0:0:1'),
(401,'hck','访问用户管理页面',1513912808625,'0:0:0:0:0:0:0:1'),
(402,'hck','访问用户管理页面',1513912854120,'0:0:0:0:0:0:0:1'),
(403,'hck','访问用户管理页面',1513912858997,'0:0:0:0:0:0:0:1'),
(404,'hck','访问用户管理页面',1513912924867,'0:0:0:0:0:0:0:1'),
(405,'hck','登录系统',1513913083636,'0:0:0:0:0:0:0:1'),
(406,'hck','访问主页',1513913083755,'0:0:0:0:0:0:0:1'),
(407,'hck','访问用户管理页面',1513913089746,'0:0:0:0:0:0:0:1'),
(408,'hck','登录系统',1513913180393,'0:0:0:0:0:0:0:1'),
(409,'hck','访问主页',1513913180480,'0:0:0:0:0:0:0:1'),
(410,'hck','访问用户管理页面',1513913181728,'0:0:0:0:0:0:0:1'),
(411,'hck','登录系统',1513913207416,'0:0:0:0:0:0:0:1'),
(412,'hck','访问主页',1513913207516,'0:0:0:0:0:0:0:1'),
(413,'hck','访问用户管理页面',1513913217199,'0:0:0:0:0:0:0:1'),
(414,'hck','登录系统',1513913338132,'0:0:0:0:0:0:0:1'),
(415,'hck','访问主页',1513913338250,'0:0:0:0:0:0:0:1'),
(416,'hck','访问用户管理页面',1513913339639,'0:0:0:0:0:0:0:1'),
(417,'hck','登录系统',1513920125114,'0:0:0:0:0:0:0:1'),
(418,'hck','访问主页',1513920125228,'0:0:0:0:0:0:0:1'),
(419,'hck','访问用户管理页面',1513920126558,'0:0:0:0:0:0:0:1'),
(420,'hck','登录系统',1513920206123,'0:0:0:0:0:0:0:1'),
(421,'hck','访问主页',1513920206248,'0:0:0:0:0:0:0:1'),
(422,'hck','访问用户管理页面',1513920207428,'0:0:0:0:0:0:0:1'),
(423,'hck','登录系统',1513920297730,'0:0:0:0:0:0:0:1'),
(424,'hck','访问主页',1513920297812,'0:0:0:0:0:0:0:1'),
(425,'hck','访问用户管理页面',1513920299866,'0:0:0:0:0:0:0:1'),
(426,'hck','登录系统',1513920496230,'0:0:0:0:0:0:0:1'),
(427,'hck','访问主页',1513920496387,'0:0:0:0:0:0:0:1'),
(428,'hck','访问用户管理页面',1513920497937,'0:0:0:0:0:0:0:1'),
(429,'hck','登录系统',1513920600556,'0:0:0:0:0:0:0:1'),
(430,'hck','访问主页',1513920600625,'0:0:0:0:0:0:0:1'),
(431,'hck','访问用户管理页面',1513920601624,'0:0:0:0:0:0:0:1'),
(432,'hck','登录系统',1513920847994,'0:0:0:0:0:0:0:1'),
(433,'hck','访问主页',1513920848090,'0:0:0:0:0:0:0:1'),
(434,'hck','访问用户管理页面',1513920849203,'0:0:0:0:0:0:0:1'),
(435,'hck','登录系统',1513920901279,'0:0:0:0:0:0:0:1'),
(436,'hck','访问主页',1513920901372,'0:0:0:0:0:0:0:1'),
(437,'hck','访问用户管理页面',1513920902495,'0:0:0:0:0:0:0:1'),
(438,'hck','访问用户管理页面',1513922599162,'0:0:0:0:0:0:0:1'),
(439,'hck','访问用户管理页面',1513922600993,'0:0:0:0:0:0:0:1'),
(440,'hck','访问用户管理页面',1513922795698,'0:0:0:0:0:0:0:1'),
(441,'hck','访问用户管理页面',1513922894682,'0:0:0:0:0:0:0:1'),
(442,'hck','访问用户管理页面',1513922945498,'0:0:0:0:0:0:0:1'),
(443,'hck','访问用户管理页面',1513923023438,'0:0:0:0:0:0:0:1'),
(444,'hck','访问用户管理页面',1513923517912,'0:0:0:0:0:0:0:1'),
(445,'hck','访问用户管理页面',1513923766863,'0:0:0:0:0:0:0:1'),
(446,'hck','访问用户管理页面',1513923840611,'0:0:0:0:0:0:0:1'),
(447,'hck','访问用户管理页面',1513924168880,'0:0:0:0:0:0:0:1'),
(448,'hck','访问用户管理页面',1513924263845,'0:0:0:0:0:0:0:1');

/*Table structure for table `user` */

DROP TABLE IF EXISTS `user`;

CREATE TABLE `user` (
  `user_id` tinyint(4) unsigned NOT NULL AUTO_INCREMENT,
  `user_name` varchar(10) NOT NULL,
  `user_password` varchar(16) NOT NULL,
  `user_level` tinyint(4) NOT NULL,
  PRIMARY KEY (`user_id`)
) ENGINE=InnoDB AUTO_INCREMENT=14 DEFAULT CHARSET=utf8;

/*Data for the table `user` */

insert  into `user`(`user_id`,`user_name`,`user_password`,`user_level`) values 
(1,'admin','123',1),
(2,'hck','123',1),
(3,'lkx','123',0),
(4,'test1','123',0),
(5,'test2','123',0),
(6,'test3','123',1),
(7,'test4','123',1),
(8,'test5','123',0),
(9,'test6','123',1),
(10,'test9','123',0),
(11,'test7','123',1),
(13,'test8','123',0);

/*!40101 SET SQL_MODE=@OLD_SQL_MODE */;
/*!40014 SET FOREIGN_KEY_CHECKS=@OLD_FOREIGN_KEY_CHECKS */;
/*!40014 SET UNIQUE_CHECKS=@OLD_UNIQUE_CHECKS */;
/*!40111 SET SQL_NOTES=@OLD_SQL_NOTES */;
